{
  "scriptFile": "__init__.py",
  "bindings": [
    {
      "authLevel": "anonymous",
      "type": "httpTrigger",
      "direction": "in",
      "name": "req",
      "methods": [
        "get",
        "post"
      ]
    },
    {
      "name": "readcounter",
      "type": "cosmosDB",
      "databaseName": "visitorcounter2",
      "collectionName": "count",
      "id" : "1",
      "partitionKey": "1",
      "connectionStringSetting": "CosmosDbConnectionString",
      "direction": "in"
    },
    {
      "type": "cosmosDB",
      "direction": "out",
      "name": "writecounter",
      "databaseName": "visitorcounter2",
      "collectionName": "count",
      "createIfNotExists": "false",
      "id" : "1",
      "partitionKey": "1",
      "connectionStringSetting": "CosmosDbConnectionString"
    },
    {
      "type": "http",
      "direction": "out",
      "name": "$return"
    }

  ]
}
